{"fmus":{"{SimpleCar1}":"file:////home/maurizio/into-cps-projects/INTO-CPS_inkind_2023/FMUs/Simple_car_01.fmu","{SimpleCar2}":"file:////home/maurizio/into-cps-projects/INTO-CPS_inkind_2023/FMUs/Simple_car_02.fmu","{SimpleCar3}":"file:////home/maurizio/into-cps-projects/INTO-CPS_inkind_2023/FMUs/Simple_car_03.fmu","{LeadCar}":"file:////home/maurizio/into-cps-projects/INTO-CPS_inkind_2023/FMUs/LeadCar.fmu","{Controller1}":"file:////home/maurizio/into-cps-projects/INTO-CPS_inkind_2023/FMUs/__caccAlg_01.fmu","{Controller2}":"file:////home/maurizio/into-cps-projects/INTO-CPS_inkind_2023/FMUs/__caccAlg_02.fmu","{Controller3}":"file:////home/maurizio/into-cps-projects/INTO-CPS_inkind_2023/FMUs/__caccAlg_03.fmu","{Attack}":"file:////home/maurizio/into-cps-projects/INTO-CPS_inkind_2023/FMUs/Attack_fmu_inf.fmu"},"connections":{"{SimpleCar1}.SimpleCar1.speed":["{Controller2}.Controller2.speed_prec","{Controller1}.Controller1.speed_me"],"{SimpleCar1}.SimpleCar1.x":["{Controller2}.Controller2.in_x_prec","{Controller1}.Controller1.in_x"],"{Controller2}.Controller2.accdes":["{SimpleCar2}.SimpleCar2.accel","{Controller3}.Controller3.acc_prec"],"{Controller1}.Controller1.accdes":["{SimpleCar1}.SimpleCar1.accel","{Attack}.Attack.input"],"{SimpleCar2}.SimpleCar2.speed":["{Controller2}.Controller2.speed_me","{Controller3}.Controller3.speed_prec"],"{SimpleCar2}.SimpleCar2.x":["{Controller2}.Controller2.in_x","{Controller3}.Controller3.in_x_prec"],"{Controller3}.Controller3.accdes":["{SimpleCar3}.SimpleCar3.accel"],"{Attack}.Attack.output":["{Controller2}.Controller2.acc_prec"],"{SimpleCar3}.SimpleCar3.speed":["{Controller3}.Controller3.speed_me"],"{SimpleCar3}.SimpleCar3.x":["{Controller3}.Controller3.in_x"],"{LeadCar}.LeadCar.accel":["{Controller2}.Controller2.acc_leader","{Controller3}.Controller3.acc_leader","{Controller1}.Controller1.acc_prec","{Controller1}.Controller1.acc_leader"],"{LeadCar}.LeadCar.speed":["{Controller2}.Controller2.speed_leader","{Controller3}.Controller3.speed_leader","{Controller1}.Controller1.speed_prec","{Controller1}.Controller1.speed_leader"],"{LeadCar}.LeadCar.x":["{Controller2}.Controller2.in_x_leader","{Controller3}.Controller3.in_x_leader","{Controller1}.Controller1.in_x_prec","{Controller1}.Controller1.in_x_leader"]},"parameters":{"{SimpleCar1}.SimpleCar1.v0":40,"{SimpleCar1}.SimpleCar1.x0":25,"{Controller2}.Controller2.targetDistance":15,"{Controller1}.Controller1.targetDistance":15,"{SimpleCar2}.SimpleCar2.x0":15,"{SimpleCar2}.SimpleCar2.v0":30,"{Controller3}.Controller3.targetDistance":15,"{Attack}.Attack.attack_time":10,"{Attack}.Attack.attack_value":0,"{Attack}.Attack.step_size":0.1,"{SimpleCar3}.SimpleCar3.x0":5,"{SimpleCar3}.SimpleCar3.v0":35,"{LeadCar}.LeadCar.simple_car.x0":40,"{LeadCar}.LeadCar.simple_car.v0":40},"liveGraphColumns":1,"liveGraphVisibleRowCount":1,"logVariables":{},"algorithm":{"type":"fixed-step","size":0.1},"parallelSimulation":false,"stabalizationEnabled":false,"global_absolute_tolerance":0,"global_relative_tolerance":0.01,"simulationProgramDelay":false,"convergenceAttempts":5,"livestream":{"{SimpleCar2}.SimpleCar2":["speed","x"],"{SimpleCar1}.SimpleCar1":["speed","x"],"{SimpleCar3}.SimpleCar3":["speed","x"],"{LeadCar}.LeadCar":["speed","x","accel"],"{Controller3}.Controller3":["accdes"],"{Controller2}.Controller2":["accdes"],"{Controller1}.Controller1":["accdes"],"{Attack}.Attack":["output"]}}